strategy,symbol,market_type,from,to,quantity,fee_rate,cooldown_seconds,close_mode,it_breakout_n,it_cooldown_bars,it_sep_gate,it_sl_atr,it_trend_ema,rows_total,rows_sqlite,rows_api,missing_ranges,candles_fed,warmup_candles,signal_count,entry_signal_count,trade_count,net_pnl,gross_profit,gross_loss,total_fees,return_pct,win_rate,profit_factor,max_drawdown_pct,exit_code,error
iron_trader,BTC_USDT,futures,2026-08-30,2026-09-06,20,,,,20,3,0.15,1.5,200,9839,9839,0,0,9839,263,24,24,24,-4.693461300000012,0.20611259999997672,-4.899573899999988,3.7812613000000006,0.0,0.16666666666666666,0.042067454069827835,33624.72357142866,0,
iron_trader,BTC_USDT,futures,2026-08-30,2026-09-06,20,,,,20,3,0.3,1.5,200,9839,9839,0,0,9839,288,26,26,26,-4.752024700000007,0.20611259999997672,-4.958137299999983,4.097424700000001,0.0,0.15384615384615385,0.041570571270782966,5442.104545462275,0,
iron_trader,BTC_USDT,futures,2026-08-30,2026-09-06,20,,,,20,3,0.5,1.5,200,9839,9839,0,0,9839,288,24,24,24,-4.546967300000065,0.12974309999997674,-4.676710400000042,3.7723673000000004,0.0,0.08333333333333333,0.027742384903708294,5442.104545462275,0,
iron_trader,BTC_USDT,futures,2026-08-30,2026-09-06,20,,,,60,3,0.15,1.5,200,9839,9839,0,0,9839,263,24,24,24,-4.670083200000012,0.20611259999997672,-4.876195799999989,3.7808832000000008,0.0,0.16666666666666666,0.04226913939755602,33457.73714285723,0,
iron_trader,BTC_USDT,futures,2026-08-30,2026-09-06,20,,,,60,3,0.3,1.5,200,9839,9839,0,0,9839,288,26,26,26,-4.315724299999989,0.3384601999999884,-4.654184499999977,4.097924300000001,0.0,0.19230769230769232,0.07272169807621293,5442.104545462275,0,
iron_trader,BTC_USDT,futures,2026-08-30,2026-09-06,20,,,,60,3,0.5,1.5,200,9839,9839,0,0,9839,288,23,23,23,-4.44995390000003,0.17830779999999422,-4.628261700000025,3.6149539,0.0,0.08695652173913043,0.03852586814613211,5442.104545462275,0,
iron_trader,BTC_USDT,futures,2026-08-30,2026-09-06,20,,,,20,3,0.15,1.5,400,9839,9839,0,0,9839,515,25,25,25,-5.15702050000008,0.10731849999998834,-5.264339000000068,3.9416205,0.0,0.12,0.020385940191159222,1821.3019025368758,0,
iron_trader,BTC_USDT,futures,2026-08-30,2026-09-06,20,,,,20,3,0.3,1.5,400,9839,9839,0,0,9839,515,25,25,25,-4.588834200000047,0.10731849999998834,-4.6961527000000345,3.942034200000001,0.0,0.12,0.022852429819836897,1631.6536048065434,0,
iron_trader,BTC_USDT,futures,2026-08-30,2026-09-06,20,,,,20,3,0.5,1.5,400,9839,9839,0,0,9839,515,24,24,24,-4.191968900000093,0.12974309999997674,-4.321712000000071,3.7753689000000006,0.0,0.08333333333333333,0.03002122769864688,1499.1885514020091,0,
iron_trader,BTC_USDT,futures,2026-08-30,2026-09-06,20,,,,60,3,0.15,1.5,400,9839,9839,0,0,9839,515,25,25,25,-5.077897000000081,0.10731849999998834,-5.185215500000069,3.9414970000000014,0.0,0.12,0.020697018282072734,1794.8921895862736,0,
iron_trader,BTC_USDT,futures,2026-08-30,2026-09-06,20,,,,60,3,0.3,1.5,400,9839,9839,0,0,9839,515,25,25,25,-4.41593820000003,0.2396661,-4.65560430000003,3.9419382000000014,0.0,0.16,0.05147905289115711,1573.944659546186,0,
iron_trader,BTC_USDT,futures,2026-08-30,2026-09-06,20,,,,60,3,0.5,1.5,400,9839,9839,0,0,9839,515,24,24,24,-4.750474800000053,0.17830779999999422,-4.928782600000048,3.7680748000000004,0.0,0.08333333333333333,0.036176844156200455,1685.6057409881248,0,
iron_trader,BTC_USDT,futures,2026-08-30,2026-09-06,20,,,,20,3,0.15,2.5,200,9839,9839,0,0,9839,263,26,26,26,-6.695520100000036,0.2635724000000058,-6.959092500000042,4.090920100000001,0.0,0.11538461538461539,0.037874536083548856,47925.14357142883,0,
iron_trader,BTC_USDT,futures,2026-08-30,2026-09-06,20,,,,20,3,0.3,2.5,200,9839,9839,0,0,9839,288,26,26,26,-6.125871900000053,0.2635724000000058,-6.38944430000006,4.090471900000001,0.0,0.11538461538461539,0.041251224304436514,139324.36136382175,0,
iron_trader,BTC_USDT,futures,2026-08-30,2026-09-06,20,,,,20,3,0.5,2.5,200,9839,9839,0,0,9839,288,23,23,23,-5.7066861000000655,0.031099700000017466,-5.737785800000082,3.6080861,0.0,0.043478260869565216,0.005420157022943768,129797.41136380941,0,
iron_trader,BTC_USDT,futures,2026-08-30,2026-09-06,20,,,,60,3,0.15,2.5,200,9839,9839,0,0,9839,263,28,28,28,-6.689837500000037,0.36236649999999415,-7.052204000000032,4.4052375,0.0,0.14285714285714285,0.051383439843769765,47884.553571428834,0,
iron_trader,BTC_USDT,futures,2026-08-30,2026-09-06,20,,,,60,3,0.3,2.5,200,9839,9839,0,0,9839,288,28,28,28,-5.699217100000036,0.4947141000000058,-6.1939312000000415,4.406617100000001,0.0,0.17857142857142858,0.07987077738286834,129627.66136380854,0,
iron_trader,BTC_USDT,futures,2026-08-30,2026-09-06,20,,,,60,3,0.5,2.5,200,9839,9839,0,0,9839,288,23,23,23,-5.405466600000042,0.16344730000002913,-5.568913900000071,3.6082666,0.0,0.08695652173913043,0.029349942005752153,122951.5136365271,0,
iron_trader,BTC_USDT,futures,2026-08-30,2026-09-06,20,,,,20,3,0.15,2.5,400,9839,9839,0,0,9839,505,28,28,28,-6.438448500000065,0.4036182,-6.842066700000065,4.409848500000001,0.0,0.17857142857142858,0.058990684788266703,1399.121973365615,0,
iron_trader,BTC_USDT,futures,2026-08-30,2026-09-06,20,,,,20,3,0.3,2.5,400,9839,9839,0,0,9839,505,28,28,28,-5.627627400000058,0.4036182,-6.031245600000059,4.409627400000001,0.0,0.17857142857142858,0.06692120115287563,1235.5180387409184,0,
iron_trader,BTC_USDT,futures,2026-08-30,2026-09-06,20,,,,20,3,0.5,2.5,400,9839,9839,0,0,9839,505,26,26,26,-5.4908533000000705,0.25492840000000583,-5.745781700000076,4.0846533,0.0,0.15384615384615385,0.0443679229929676,1207.9203591606145,0,
iron_trader,BTC_USDT,futures,2026-08-30,2026-09-06,20,,,,60,3,0.15,2.5,400,9839,9839,0,0,9839,505,28,28,28,-5.46939050000007,0.5359658000000117,-6.0053563000000825,4.4091905,0.0,0.21428571428571427,0.08924796019180482,1203.5896892655378,0,
iron_trader,BTC_USDT,futures,2026-08-30,2026-09-06,20,,,,60,3,0.3,2.5,400,9839,9839,0,0,9839,505,30,30,30,-5.8305762000000465,0.5359658000000117,-6.3665420000000585,4.719776199999999,0.0,0.2,0.08418475838218091,1276.468159806291,0,
iron_trader,BTC_USDT,futures,2026-08-30,2026-09-06,20,,,,60,3,0.5,2.5,400,9839,9839,0,0,9839,505,27,27,27,-6.082045700000012,0.3034931000000233,-6.385538800000035,4.2358457,0.0,0.14814814814814814,0.04752818979034653,1327.2085754640716,0,
iron_trader,BTC_USDT,futures,2026-08-30,2026-09-06,20,,,,20,3,0.15,3.5,200,9839,9839,0,0,9839,263,29,29,29,-6.941050899999972,0.6660948000000234,-7.607145699999996,4.564050900000001,0.0,0.1724137931034483,0.08756172502388429,49678.9349999998,0,
iron_trader,BTC_USDT,futures,2026-08-30,2026-09-06,20,,,,20,3,0.3,3.5,200,9839,9839,0,0,9839,288,28,28,28,-5.862289999999978,0.8951385000000002,-6.757428499999978,4.406690000000001,0.0,0.21428571428571427,0.13246732836314926,133333.86363653938,0,
iron_trader,BTC_USDT,futures,2026-08-30,2026-09-06,20,,,,20,3,0.5,3.5,200,9839,9839,0,0,9839,288,23,23,23,-5.696963299999978,0.5459386000000234,-6.2429019000000014,3.6103633000000004,0.0,0.08695652173913043,0.08744949203831366,129576.43863653441,0,
iron_trader,BTC_USDT,futures,2026-08-30,2026-09-06,20,,,,60,3,0.15,3.5,200,9839,9839,0,0,9839,263,29,29,29,-6.851808300000018,0.5885948000000117,-7.44040310000003,4.5640083,0.0,0.1724137931034483,0.07910791822556083,49041.48785714298,0,
iron_trader,BTC_USDT,futures,2026-08-30,2026-09-06,20,,,,60,3,0.3,3.5,200,9839,9839,0,0,9839,288,27,27,27,-5.408111600000006,0.7009802000000117,-6.1090918000000185,4.250511600000001,0.0,0.2222222222222222,0.11474376600463093,123011.62727289,0,
iron_trader,BTC_USDT,futures,2026-08-30,2026-09-06,20,,,,60,3,0.5,3.5,200,9839,9839,0,0,9839,288,23,23,23,-5.208499199999972,0.678286200000035,-5.886785400000007,3.6104992000000005,0.0,0.13043478260869565,0.11522183227539333,118474.98181833778,0,
iron_trader,BTC_USDT,futures,2026-08-30,2026-09-06,20,,,,20,3,0.15,3.5,400,9839,9839,0,0,9839,505,32,32,32,-6.406108499999995,1.0008074999999999,-7.406915999999995,5.0407085,0.0,0.25,0.13511797622654292,1392.5965496367874,0,
iron_trader,BTC_USDT,futures,2026-08-30,2026-09-06,20,,,,20,3,0.3,3.5,400,9839,9839,0,0,9839,505,31,31,31,-5.430403199999989,0.9856170999999885,-6.416020299999977,4.8836032000000005,0.0,0.2903225806451613,0.15361813926929002,1196.6858353510745,0,
iron_trader,BTC_USDT,futures,2026-08-30,2026-09-06,20,,,,20,3,0.5,3.5,400,9839,9839,0,0,9839,505,26,26,26,-5.531992099999977,0.7459534000000059,-6.2779454999999835,4.0853921,0.0,0.23076923076923078,0.11882126087268642,1217.1839991928798,0,
iron_trader,BTC_USDT,futures,2026-08-30,2026-09-06,20,,,,60,3,0.15,3.5,400,9839,9839,0,0,9839,505,32,32,32,-5.7871433,1.1331551000000115,-6.9202984000000125,5.0401433,0.0,0.28125,0.16374367613974702,1267.70445924131,0,
iron_trader,BTC_USDT,futures,2026-08-30,2026-09-06,20,,,,60,3,0.3,3.5,400,9839,9839,0,0,9839,505,33,33,33,-5.720733799999995,1.1179647,-6.838698499999997,5.1943338,0.0,0.30303030303030304,0.16347623747413348,1255.267473769154,0,
iron_trader,BTC_USDT,futures,2026-08-30,2026-09-06,20,,,,60,3,0.5,3.5,400,9839,9839,0,0,9839,505,27,27,27,-5.937138299999972,0.7945181000000233,-6.731656399999995,4.238138300000001,0.0,0.2222222222222222,0.1180271322226167,1298.9326271186242,0,
iron_trader,BTC_USDT,futures,2026-08-30,2026-09-06,20,,,,20,3,0.15,5,200,9839,9839,0,0,9839,263,24,24,24,-5.731989799999972,0.7288654000000059,-6.460855199999978,3.777989800000001,0.0,0.08333333333333333,0.11281252673794769,41042.784285714086,0,
iron_trader,BTC_USDT,futures,2026-08-30,2026-09-06,20,,,,20,3,0.3,5,200,9839,9839,0,0,9839,288,23,23,23,-3.9609945999999883,1.2373108000000117,-5.198305400000001,3.6161946000000005,0.0,0.17391304347826086,0.23802195230776774,90122.60454557337,0,
iron_trader,BTC_USDT,futures,2026-08-30,2026-09-06,20,,,,20,3,0.5,5,200,9839,9839,0,0,9839,288,22,22,22,-5.533894499999966,0.5169237000000175,-6.050818199999984,3.4564945000000002,0.0,0.045454545454545456,0.08543038030790925,125870.32954562014,0,
iron_trader,BTC_USDT,futures,2026-08-30,2026-09-06,20,,,,60,3,0.15,5,200,9839,9839,0,0,9839,263,23,23,23,-5.224638700000007,0.46023029999999415,-5.684869000000001,3.6160387000000007,0.0,0.13043478260869565,0.08095706339055378,37418.84785714291,0,
iron_trader,BTC_USDT,futures,2026-08-30,2026-09-06,20,,,,60,3,0.3,5,200,9839,9839,0,0,9839,288,23,23,23,-4.339686100000006,0.8446518000000174,-5.184337900000024,3.6170861000000003,0.0,0.17391304347826086,0.1629237554133988,98729.22954558516,0,
iron_trader,BTC_USDT,futures,2026-08-30,2026-09-06,20,,,,60,3,0.5,5,200,9839,9839,0,0,9839,288,21,21,21,-5.497361099999989,0.3844215000000233,-5.881782600000013,3.2995611000000005,0.0,0.047619047619047616,0.06535799198019024,125040.02500016504,0,
iron_trader,BTC_USDT,futures,2026-08-30,2026-09-06,20,,,,20,3,0.15,5,400,9839,9839,0,0,9839,505,27,27,27,-5.454545299999983,1.4816370000000116,-6.936182299999995,4.2563453,0.0,0.18518518518518517,0.2136098700866055,1150.5438052616312,0,
iron_trader,BTC_USDT,futures,2026-08-30,2026-09-06,20,,,,20,3,0.3,5,400,9839,9839,0,0,9839,505,26,26,26,-4.390569599999976,1.4937744000000173,-5.884343999999994,4.094969600000001,0.0,0.2692307692307692,0.25385572291491093,946.5414486116698,0,
iron_trader,BTC_USDT,futures,2026-08-30,2026-09-06,20,,,,20,3,0.5,5,400,9839,9839,0,0,9839,505,23,23,23,-4.725894699999913,1.170845200000029,-5.896739899999943,3.6168947000000005,0.0,0.17391304347826086,0.19855805408680824,1054.5331920903668,0,
iron_trader,BTC_USDT,futures,2026-08-30,2026-09-06,20,,,,60,3,0.15,5,400,9839,9839,0,0,9839,505,26,26,26,-3.9446260999999767,1.8734241000000407,-5.818050200000019,4.094026100000001,0.0,0.2692307692307692,0.32200205147766425,859.7338156543196,0,
iron_trader,BTC_USDT,futures,2026-08-30,2026-09-06,20,,,,60,3,0.3,5,400,9839,9839,0,0,9839,505,28,28,28,-4.345068199999953,1.8781959000000406,-6.223264099999994,4.405868200000001,0.0,0.2857142857142857,0.3018023773087249,937.7778924815639,0,
iron_trader,BTC_USDT,futures,2026-08-30,2026-09-06,20,,,,60,3,0.5,5,400,9839,9839,0,0,9839,505,24,24,24,-5.509361299999942,1.0383430000000349,-6.547704299999977,3.7703613000000002,0.0,0.16666666666666666,0.15858122976018305,1212.617655367207,0,
iron_trader,BTC_USDT,futures,2026-08-30,2026-09-06,20,,,,20,10,0.15,1.5,200,9839,9839,0,0,9839,288,26,26,26,-5.720824200000039,0.10731849999998834,-5.828142700000027,4.0976242,0.0,0.11538461538461539,0.018413842200532913,6062.458805555727,0,
iron_trader,BTC_USDT,futures,2026-08-30,2026-09-06,20,,,,20,10,0.3,1.5,200,9839,9839,0,0,9839,288,26,26,26,-5.110594999999984,0.10731849999998834,-5.217913499999972,4.097395000000001,0.0,0.11538461538461539,0.02056732063496049,5442.104545462275,0,
iron_trader,BTC_USDT,futures,2026-08-30,2026-09-06,20,,,,20,10,0.5,1.5,200,9839,9839,0,0,9839,288,24,24,24,-4.240750400000041,0.12974309999997674,-4.370493500000019,3.773550400000001,0.0,0.08333333333333333,0.02968614413909463,5442.104545462275,0,
iron_trader,BTC_USDT,futures,2026-08-30,2026-09-06,20,,,,60,10,0.15,1.5,200,9839,9839,0,0,9839,288,28,28,28,-5.87227890000004,0.20611259999997672,-6.078391500000017,4.412078900000001,0.0,0.14285714285714285,0.03390906952932797,6220.310607689029,0,
iron_trader,BTC_USDT,futures,2026-08-30,2026-09-06,20,,,,60,10,0.3,1.5,200,9839,9839,0,0,9839,288,28,28,28,-4.891464200000007,0.3384601999999884,-5.229924399999995,4.413864200000001,0.0,0.17857142857142858,0.06471607887869062,5442.104545462275,0,
iron_trader,BTC_USDT,futures,2026-08-30,2026-09-06,20,,,,60,10,0.5,1.5,200,9839,9839,0,0,9839,288,23,23,23,-4.209476500000023,0.17830779999999422,-4.3877843000000185,3.6160765000000006,0.0,0.08695652173913043,0.040637321210159186,5442.104545462275,0,
iron_trader,BTC_USDT,futures,2026-08-30,2026-09-06,20,,,,20,10,0.15,1.5,400,9839,9839,0,0,9839,515,25,25,25,-5.104330600000059,0.20611259999997672,-5.310443200000034,3.942330600000001,0.0,0.16,0.03881269269577639,1803.7151535382027,0,
iron_trader,BTC_USDT,futures,2026-08-30,2026-09-06,20,,,,20,10,0.3,1.5,400,9839,9839,0,0,9839,515,25,25,25,-4.333485300000001,0.20611259999997672,-4.539597899999977,3.942485300000001,0.0,0.16,0.04540327239114675,1546.423664886628,0,
iron_trader,BTC_USDT,futures,2026-08-30,2026-09-06,20,,,,20,10,0.5,1.5,400,9839,9839,0,0,9839,515,23,23,23,-4.012082300000035,0.12974309999997674,-4.141825400000012,3.6154823000000005,0.0,0.08695652173913043,0.03132510124641574,1107.1493838993629,0,
iron_trader,BTC_USDT,futures,2026-08-30,2026-09-06,20,,,,60,10,0.15,1.5,400,9839,9839,0,0,9839,515,25,25,25,-5.012137800000059,0.20611259999997672,-5.218250400000035,3.942137800000001,0.0,0.16,0.03949841119160846,1772.943190921378,0,
iron_trader,BTC_USDT,futures,2026-08-30,2026-09-06,20,,,,60,10,0.3,1.5,400,9839,9839,0,0,9839,515,25,25,25,-4.124846100000017,0.3384601999999884,-4.463306300000006,3.943046100000001,0.0,0.2,0.07583172143036383,1476.7844125501795,0,
iron_trader,BTC_USDT,futures,2026-08-30,2026-09-06,20,,,,60,10,0.5,1.5,400,9839,9839,0,0,9839,515,24,24,24,-4.509997400000047,0.17830779999999422,-4.688305200000042,3.7691974,0.0,0.08333333333333333,0.03803246426874953,1605.3395861149525,0,
iron_trader,BTC_USDT,futures,2026-08-30,2026-09-06,20,,,,20,10,0.15,2.5,200,9839,9839,0,0,9839,288,28,28,28,-6.9964259999999765,0.36236649999999415,-7.358792499999971,4.406826000000001,0.0,0.14285714285714285,0.049242657677872496,159109.68181839163,0,
iron_trader,BTC_USDT,futures,2026-08-30,2026-09-06,20,,,,20,10,0.3,2.5,200,9839,9839,0,0,9839,288,28,28,28,-5.962252999999977,0.36236649999999415,-6.324619499999971,4.406653000000001,0.0,0.14285714285714285,0.05729459297907104,135605.75000017876,0,
iron_trader,BTC_USDT,futures,2026-08-30,2026-09-06,20,,,,20,10,0.5,2.5,200,9839,9839,0,0,9839,288,23,23,23,-5.734072500000048,0.031099700000017466,-5.765172200000065,3.6102725,0.0,0.043478260869565216,0.005394409554673339,130419.82954562802,0,
iron_trader,BTC_USDT,futures,2026-08-30,2026-09-06,20,,,,60,10,0.15,2.5,200,9839,9839,0,0,9839,288,26,26,26,-6.328942099999995,0.2635724000000058,-6.592514500000001,4.091542100000001,0.0,0.11538461538461539,0.03998055673597772,143939.59318200834,0,
iron_trader,BTC_USDT,futures,2026-08-30,2026-09-06,20,,,,60,10,0.3,2.5,200,9839,9839,0,0,9839,288,26,26,26,-5.702279400000006,0.2635724000000058,-5.965851800000012,4.092679400000001,0.0,0.11538461538461539,0.04418017893102965,129697.25909108068,0,
iron_trader,BTC_USDT,futures,2026-08-30,2026-09-06,20,,,,60,10,0.5,2.5,200,9839,9839,0,0,9839,288,23,23,23,-5.847379600000048,0.031099700000017466,-5.878479300000065,3.6105796,0.0,0.043478260869565216,0.005290432850553224,132994.9909092678,0,
iron_trader,BTC_USDT,futures,2026-08-30,2026-09-06,20,,,,20,10,0.15,2.5,400,9839,9839,0,0,9839,505,27,27,27,-6.072442500000029,0.3576580000000174,-6.430100500000046,4.253442500000001,0.0,0.14814814814814814,0.055622458778057174,1325.2708837772311,0,
iron_trader,BTC_USDT,futures,2026-08-30,2026-09-06,20,,,,20,10,0.3,2.5,400,9839,9839,0,0,9839,505,27,27,27,-4.697455599999994,0.3576580000000174,-5.055113600000013,4.253055600000001,0.0,0.14814814814814814,0.07075172356166566,1047.8320419693177,0,
iron_trader,BTC_USDT,futures,2026-08-30,2026-09-06,20,,,,20,10,0.5,2.5,400,9839,9839,0,0,9839,505,26,26,26,-4.367188500000006,1.1946852000000232,-5.56187370000003,4.0845885,0.0,0.19230769230769232,0.21479905234094346,467.2187996474454,0,
iron_trader,BTC_USDT,futures,2026-08-30,2026-09-06,20,,,,60,10,0.15,2.5,400,9839,9839,0,0,9839,505,27,27,27,-5.103384500000036,0.490005600000029,-5.5933901000000645,4.252784500000001,0.0,0.18518518518518517,0.08760440291837027,1129.738599677154,0,
iron_trader,BTC_USDT,futures,2026-08-30,2026-09-06,20,,,,60,10,0.3,2.5,400,9839,9839,0,0,9839,505,29,29,29,-4.902787799999988,0.490005600000029,-5.392793400000018,4.5639878000000005,0.0,0.1724137931034483,0.09086303955201165,1089.2630750605185,0,
iron_trader,BTC_USDT,futures,2026-08-30,2026-09-06,20,,,,60,10,0.5,2.5,400,9839,9839,0,0,9839,505,26,26,26,-6.155392299999977,0.2575329000000407,-6.412925200000018,4.0807923,0.0,0.11538461538461539,0.04015841319964873,1342.0081315576886,0,
iron_trader,BTC_USDT,futures,2026-08-30,2026-09-06,20,,,,20,10,0.15,3.5,200,9839,9839,0,0,9839,288,29,29,29,-6.630456299999983,0.49501090000001746,-7.125467200000001,4.566256300000001,0.0,0.20689655172413793,0.06947065870993237,150792.18863656258,0,
iron_trader,BTC_USDT,futures,2026-08-30,2026-09-06,20,,,,20,10,0.3,3.5,200,9839,9839,0,0,9839,288,28,28,28,-5.283411699999937,0.9335465000000059,-6.216958199999943,4.408011700000001,0.0,0.21428571428571427,0.15016129592121344,120177.53863652106,0,
iron_trader,BTC_USDT,futures,2026-08-30,2026-09-06,20,,,,20,10,0.5,3.5,200,9839,9839,0,0,9839,288,23,23,23,-5.696963299999978,0.5459386000000234,-6.2429019000000014,3.6103633000000004,0.0,0.08695652173913043,0.08744949203831366,129576.43863653441,0,
iron_trader,BTC_USDT,futures,2026-08-30,2026-09-06,20,,,,60,10,0.15,3.5,200,9839,9839,0,0,9839,288,29,29,29,-6.319985600000001,0.6449359000000175,-6.964921500000019,4.5659856,0.0,0.20689655172413793,0.09259772705263308,143736.0363638264,0,
iron_trader,BTC_USDT,futures,2026-08-30,2026-09-06,20,,,,60,10,0.3,3.5,200,9839,9839,0,0,9839,288,27,27,27,-5.053072599999983,1.0834715000000057,-6.1365440999999885,4.2518726000000004,0.0,0.2222222222222222,0.176560533476816,114942.55909106064,0,
iron_trader,BTC_USDT,futures,2026-08-30,2026-09-06,20,,,,60,10,0.5,3.5,200,9839,9839,0,0,9839,288,23,23,23,-5.672001299999995,0.5459386000000234,-6.217939900000019,3.610601300000001,0.0,0.08695652173913043,0.08780055915304387,129009.12045471588,0,
iron_trader,BTC_USDT,futures,2026-08-30,2026-09-06,20,,,,20,10,0.15,3.5,400,9839,9839,0,0,9839,505,32,32,32,-5.507251799999947,1.3149038000000233,-6.822155599999972,5.0436518,0.0,0.28125,0.19274022421887133,1211.229176755424,0,
iron_trader,BTC_USDT,futures,2026-08-30,2026-09-06,20,,,,20,10,0.3,3.5,400,9839,9839,0,0,9839,505,31,31,31,-3.7383063999999306,1.7582112000000114,-5.496517599999942,4.8855064,0.0,0.3225806451612903,0.3198772983097571,855.261945117007,0,
iron_trader,BTC_USDT,futures,2026-08-30,2026-09-06,20,,,,20,10,0.5,3.5,400,9839,9839,0,0,9839,505,26,26,26,-3.970180599999954,1.9633713000000403,-5.933551899999995,4.0849806,0.0,0.2692307692307692,0.3308930861462663,371.56446850302507,0,
iron_trader,BTC_USDT,futures,2026-08-30,2026-09-06,20,,,,60,10,0.15,3.5,400,9839,9839,0,0,9839,505,32,32,32,-4.888286599999954,1.447251400000035,-6.335537999999989,5.0430866,0.0,0.3125,0.22843385991845325,1086.3370863599466,0,
iron_trader,BTC_USDT,futures,2026-08-30,2026-09-06,20,,,,60,10,0.3,3.5,400,9839,9839,0,0,9839,505,33,33,33,-4.265503099999948,1.890558800000023,-6.156061899999971,5.196903100000001,0.0,0.3333333333333333,0.30710522907510596,961.6373890233853,0,
iron_trader,BTC_USDT,futures,2026-08-30,2026-09-06,20,,,,60,10,0.5,3.5,400,9839,9839,0,0,9839,505,26,26,26,-5.98973039999996,0.7771436000000466,-6.766874000000007,4.0809304,0.0,0.19230769230769232,0.11484528897686669,1309.5444309927136,0,
iron_trader,BTC_USDT,futures,2026-08-30,2026-09-06,20,,,,20,10,0.15,5,200,9839,9839,0,0,9839,288,24,24,24,-5.336805899999948,0.7362310000000116,-6.073036899999959,3.7782059000000014,0.0,0.125,0.12122946264331386,121391.04318197747,0,
iron_trader,BTC_USDT,futures,2026-08-30,2026-09-06,20,,,,20,10,0.3,5,200,9839,9839,0,0,9839,288,23,23,23,-4.78395789999996,0.7362310000000116,-5.520188899999972,3.6161579000000006,0.0,0.13043478260869565,0.133370617081603,108826.31590923383,0,
iron_trader,BTC_USDT,futures,2026-08-30,2026-09-06,20,,,,20,10,0.5,5,200,9839,9839,0,0,9839,288,22,22,22,-5.3673809999999715,0.5169237000000175,-5.884304699999989,3.4573810000000003,0.0,0.045454545454545456,0.08784788116088185,122085.93181834253,0,
iron_trader,BTC_USDT,futures,2026-08-30,2026-09-06,20,,,,60,10,0.15,5,200,9839,9839,0,0,9839,288,23,23,23,-5.244212499999984,0.46023029999999415,-5.704442799999978,3.616012500000001,0.0,0.13043478260869565,0.08067927335514627,119286.64772743003,0,
iron_trader,BTC_USDT,futures,2026-08-30,2026-09-06,20,,,,60,10,0.3,5,200,9839,9839,0,0,9839,288,23,23,23,-5.157610900000008,0.46023029999999415,-5.617841200000002,3.6170109,0.0,0.13043478260869565,0.08192298137583419,117318.4295456098,0,
iron_trader,BTC_USDT,futures,2026-08-30,2026-09-06,20,,,,60,10,0.5,5,200,9839,9839,0,0,9839,288,21,21,21,-6.129179000000007,0.0,-6.129179000000007,3.299579,0.0,0.0,0.0,139399.52272745717,0,
iron_trader,BTC_USDT,futures,2026-08-30,2026-09-06,20,,,,20,10,0.15,5,400,9839,9839,0,0,9839,505,27,27,27,-4.516461199999913,1.9024445000000232,-6.418905699999936,4.2564612,0.0,0.25925925925925924,0.29638143772700104,592.7008628257148,0,
iron_trader,BTC_USDT,futures,2026-08-30,2026-09-06,20,,,,20,10,0.3,5,400,9839,9839,0,0,9839,505,26,26,26,-3.807445499999919,1.9034182000000346,-5.710863699999954,4.094845500000001,0.0,0.3076923076923077,0.3332977812095305,517.6060313245629,0,
iron_trader,BTC_USDT,futures,2026-08-30,2026-09-06,20,,,,20,10,0.5,5,400,9839,9839,0,0,9839,505,24,24,24,-2.87684309999989,2.5687242000000463,-5.4455672999999365,3.7742430999999996,0.0,0.25,0.47170920098629143,276.01228683525414,0,
iron_trader,BTC_USDT,futures,2026-08-30,2026-09-06,20,,,,60,10,0.15,5,400,9839,9839,0,0,9839,505,26,26,26,-3.5264470999998903,2.145736600000064,-5.672183699999954,4.0938471000000005,0.0,0.3076923076923077,0.37829109801223143,547.0399716648224,0,
iron_trader,BTC_USDT,futures,2026-08-30,2026-09-06,20,,,,60,10,0.3,5,400,9839,9839,0,0,9839,505,28,28,28,-3.8992753999998904,2.150508400000064,-6.049783799999953,4.405675400000001,0.0,0.32142857142857145,0.35546863674699924,594.9075089389926,0,
iron_trader,BTC_USDT,futures,2026-08-30,2026-09-06,20,,,,60,10,0.5,5,400,9839,9839,0,0,9839,505,25,25,25,-4.455499799999942,2.046229800000035,-6.501729599999978,3.9274997999999997,0.0,0.2,0.31472083982084426,416.05023617292886,0,
iron_trader,BTC_USDT,futures,2026-08-30,2026-09-06,20,,,,20,20,0.15,1.5,200,9839,9839,0,0,9839,288,28,28,28,-5.430153300000064,0.20611259999997672,-5.636265900000041,4.4135533,0.0,0.14285714285714285,0.03656899863435741,5759.510627699877,0,
iron_trader,BTC_USDT,futures,2026-08-30,2026-09-06,20,,,,20,20,0.3,1.5,200,9839,9839,0,0,9839,288,27,27,27,-4.587485899999972,0.20611259999997672,-4.793598499999948,4.2524859,0.0,0.14814814814814814,0.042997468394563906,5442.104545462275,0,
iron_trader,BTC_USDT,futures,2026-08-30,2026-09-06,20,,,,20,20,0.5,1.5,200,9839,9839,0,0,9839,288,24,24,24,-4.245173100000024,0.12974309999997674,-4.374916200000001,3.7757731000000008,0.0,0.08333333333333333,0.02965613375633954,5442.104545462275,0,
iron_trader,BTC_USDT,futures,2026-08-30,2026-09-06,20,,,,60,20,0.15,1.5,200,9839,9839,0,0,9839,288,25,25,25,-4.651104700000012,0.2396661,-4.890770800000013,3.9369047000000004,0.0,0.16,0.049003748039061525,5442.104545462275,0,
iron_trader,BTC_USDT,futures,2026-08-30,2026-09-06,20,,,,60,20,0.3,1.5,200,9839,9839,0,0,9839,288,25,25,25,-4.40345019999996,0.2396661,-4.64311629999996,3.938650200000001,0.0,0.16,0.051617509559259166,5442.104545462275,0,
iron_trader,BTC_USDT,futures,2026-08-30,2026-09-06,20,,,,60,20,0.5,1.5,200,9839,9839,0,0,9839,288,23,23,23,-4.2138992000000055,0.17830779999999422,-4.392207000000001,3.6182992000000005,0.0,0.08695652173913043,0.040596401763394616,5442.104545462275,0,
iron_trader,BTC_USDT,futures,2026-08-30,2026-09-06,20,,,,20,20,0.15,1.5,400,9839,9839,0,0,9839,515,25,25,25,-5.330171200000017,0.10731849999998834,-5.437489700000006,3.9433712000000005,0.0,0.12,0.019736773018620746,1879.0958611483418,0,
iron_trader,BTC_USDT,futures,2026-08-30,2026-09-06,20,,,,20,20,0.3,1.5,400,9839,9839,0,0,9839,515,24,24,24,-4.000887899999983,0.10731849999998834,-4.108206399999971,3.7826879000000004,0.0,0.125,0.026122957210715874,1435.4098464620472,0,
iron_trader,BTC_USDT,futures,2026-08-30,2026-09-06,20,,,,20,20,0.5,1.5,400,9839,9839,0,0,9839,515,23,23,23,-4.016505000000017,0.12974309999997674,-4.146248099999994,3.6177050000000004,0.0,0.08695652173913043,0.031291687537939886,1108.2596102723746,0,
iron_trader,BTC_USDT,futures,2026-08-30,2026-09-06,20,,,,60,20,0.15,1.5,400,9839,9839,0,0,9839,515,24,24,24,-4.484073000000012,0.2396661,-4.723739100000013,3.7808730000000006,0.0,0.16666666666666666,0.05073652353069189,1596.6865821095996,0,
iron_trader,BTC_USDT,futures,2026-08-30,2026-09-06,20,,,,60,20,0.3,1.5,400,9839,9839,0,0,9839,515,26,26,26,-3.904563900000029,0.4095298999999825,-4.314093800000012,4.091563900000001,0.0,0.19230769230769232,0.09492837174749919,1403.258978638295,0,
iron_trader,BTC_USDT,futures,2026-08-30,2026-09-06,20,,,,60,20,0.5,1.5,400,9839,9839,0,0,9839,515,24,24,24,-4.514420100000029,0.17830779999999422,-4.692727900000024,3.7714201,0.0,0.08333333333333333,0.037996620260039644,1606.8157877170827,0,
iron_trader,BTC_USDT,futures,2026-08-30,2026-09-06,20,,,,20,20,0.15,2.5,200,9839,9839,0,0,9839,288,26,26,26,-6.109980699999989,0.2635724000000058,-6.373553099999995,4.0941807,0.0,0.11538461538461539,0.04135407611180113,138963.19772745617,0,
iron_trader,BTC_USDT,futures,2026-08-30,2026-09-06,20,,,,20,20,0.3,2.5,200,9839,9839,0,0,9839,288,25,25,25,-5.07025060000002,0.2635724000000058,-5.333823000000025,3.9314506000000002,0.0,0.12,0.049415288058865955,115332.96818197107,0,
iron_trader,BTC_USDT,futures,2026-08-30,2026-09-06,20,,,,20,20,0.5,2.5,200,9839,9839,0,0,9839,288,23,23,23,-5.734072500000048,0.031099700000017466,-5.765172200000065,3.6102725,0.0,0.043478260869565216,0.005394409554673339,130419.82954562802,0,
iron_trader,BTC_USDT,futures,2026-08-30,2026-09-06,20,,,,60,20,0.15,2.5,200,9839,9839,0,0,9839,288,25,25,25,-5.274645900000002,0.2635724000000058,-5.538218300000008,3.9316459000000004,0.0,0.12,0.047591551239503406,119978.31590924955,0,
iron_trader,BTC_USDT,futures,2026-08-30,2026-09-06,20,,,,60,20,0.3,2.5,200,9839,9839,0,0,9839,288,25,25,25,-5.0004970000000535,0.2635724000000058,-5.264069400000059,3.932097,0.0,0.12,0.05007008456233553,113747.65909106066,0,
iron_trader,BTC_USDT,futures,2026-08-30,2026-09-06,20,,,,60,20,0.5,2.5,200,9839,9839,0,0,9839,288,23,23,23,-5.847379600000048,0.031099700000017466,-5.878479300000065,3.6105796,0.0,0.043478260869565216,0.005290432850553224,132994.9909092678,0,
iron_trader,BTC_USDT,futures,2026-08-30,2026-09-06,20,,,,20,20,0.15,2.5,400,9839,9839,0,0,9839,505,31,31,31,-5.4923775000000115,0.48749119999998247,-5.979868699999995,4.8861775,0.0,0.22580645161290322,0.08152205749935328,1208.2279055689964,0,
iron_trader,BTC_USDT,futures,2026-08-30,2026-09-06,20,,,,20,20,0.3,2.5,400,9839,9839,0,0,9839,505,30,30,30,-4.651097700000018,0.48749119999998247,-5.138588900000001,4.7232977,0.0,0.23333333333333334,0.09486869050761822,1038.4781476997503,0,
iron_trader,BTC_USDT,futures,2026-08-30,2026-09-06,20,,,,20,20,0.5,2.5,400,9839,9839,0,0,9839,505,26,26,26,-4.367188500000006,1.1946852000000232,-5.56187370000003,4.0845885,0.0,0.19230769230769232,0.21479905234094346,467.2187996474454,0,
iron_trader,BTC_USDT,futures,2026-08-30,2026-09-06,20,,,,60,20,0.15,2.5,400,9839,9839,0,0,9839,505,32,32,32,-4.995278499999996,0.6198387999999942,-5.615117299999989,5.033878499999999,0.0,0.25,0.110387506953772,1107.9254439063634,0,
iron_trader,BTC_USDT,futures,2026-08-30,2026-09-06,20,,,,60,20,0.3,2.5,400,9839,9839,0,0,9839,505,32,32,32,-4.233701100000036,0.7897025999999768,-5.023403700000012,5.0331011,0.0,0.28125,0.15720468573926777,954.2576876513288,0,
iron_trader,BTC_USDT,futures,2026-08-30,2026-09-06,20,,,,60,20,0.5,2.5,400,9839,9839,0,0,9839,505,26,26,26,-6.155392299999977,0.2575329000000407,-6.412925200000018,4.0807923,0.0,0.11538461538461539,0.04015841319964873,1342.0081315576886,0,
iron_trader,BTC_USDT,futures,2026-08-30,2026-09-06,20,,,,20,20,0.15,3.5,200,9839,9839,0,0,9839,288,26,26,26,-5.145701699999972,0.9110557000000351,-6.056757400000007,4.094701700000001,0.0,0.23076923076923078,0.15041971137890287,117047.76590924498,0,
iron_trader,BTC_USDT,futures,2026-08-30,2026-09-06,20,,,,20,20,0.3,3.5,200,9839,9839,0,0,9839,288,25,25,25,-4.7420039999999375,0.8347524000000176,-5.576756399999955,3.9316040000000005,0.0,0.2,0.14968421428628734,107872.81818195933,0,
iron_trader,BTC_USDT,futures,2026-08-30,2026-09-06,20,,,,20,20,0.5,3.5,200,9839,9839,0,0,9839,288,23,23,23,-5.696963299999978,0.5459386000000234,-6.2429019000000014,3.6103633000000004,0.0,0.08695652173913043,0.08744949203831366,129576.43863653441,0,
iron_trader,BTC_USDT,futures,2026-08-30,2026-09-06,20,,,,60,20,0.15,3.5,200,9839,9839,0,0,9839,288,28,28,28,-4.9634792999999835,1.1597748000000232,-6.123254100000007,4.4052793,0.0,0.25,0.1894049766773556,112906.34772742157,0,
iron_trader,BTC_USDT,futures,2026-08-30,2026-09-06,20,,,,60,20,0.3,3.5,200,9839,9839,0,0,9839,288,26,26,26,-4.70188489999999,1.0834715000000057,-5.785356399999995,4.090084900000001,0.0,0.23076923076923078,0.1872782634445834,106961.02045468659,0,
iron_trader,BTC_USDT,futures,2026-08-30,2026-09-06,20,,,,60,20,0.5,3.5,200,9839,9839,0,0,9839,288,23,23,23,-5.672001299999995,0.5459386000000234,-6.217939900000019,3.610601300000001,0.0,0.08695652173913043,0.08780055915304387,129009.12045471588,0,
iron_trader,BTC_USDT,futures,2026-08-30,2026-09-06,20,,,,20,20,0.15,3.5,400,9839,9839,0,0,9839,505,32,32,32,-4.762010999999931,1.5240786000000348,-6.286089599999966,5.045211,0.0,0.3125,0.24245257337726192,1060.857748183994,0,
iron_trader,BTC_USDT,futures,2026-08-30,2026-09-06,20,,,,20,20,0.3,3.5,400,9839,9839,0,0,9839,505,30,30,30,-3.888956399999931,1.4525471000000172,-5.3415034999999484,4.724156400000001,0.0,0.3333333333333333,0.27193600079079444,885.6594430992503,0,
iron_trader,BTC_USDT,futures,2026-08-30,2026-09-06,20,,,,20,20,0.5,3.5,400,9839,9839,0,0,9839,505,26,26,26,-4.071431199999936,1.862120700000058,-5.933551899999995,4.0850311999999995,0.0,0.2692307692307692,0.31382900687193105,399.17685690141667,0,
iron_trader,BTC_USDT,futures,2026-08-30,2026-09-06,20,,,,60,20,0.15,3.5,400,9839,9839,0,0,9839,505,33,33,33,-4.610707499999931,1.6564262000000465,-6.267133699999977,5.192907499999999,0.0,0.3333333333333333,0.26430363213729624,1030.3283898304835,0,
iron_trader,BTC_USDT,futures,2026-08-30,2026-09-06,20,,,,60,20,0.3,3.5,400,9839,9839,0,0,9839,505,32,32,32,-3.8979464999999838,1.7547585000000114,-5.652704999999994,5.0337465,0.0,0.375,0.31042810477461913,887.4734261501086,0,
iron_trader,BTC_USDT,futures,2026-08-30,2026-09-06,20,,,,60,20,0.5,3.5,400,9839,9839,0,0,9839,505,26,26,26,-5.98973039999996,0.7771436000000466,-6.766874000000007,4.0809304,0.0,0.19230769230769232,0.11484528897686669,1309.5444309927136,0,
iron_trader,BTC_USDT,futures,2026-08-30,2026-09-06,20,,,,20,20,0.15,5,200,9839,9839,0,0,9839,288,24,24,24,-5.167955099999966,0.7362310000000116,-5.904186099999977,3.780555100000001,0.0,0.125,0.12469644207184026,117553.52500015461,0,
iron_trader,BTC_USDT,futures,2026-08-30,2026-09-06,20,,,,20,20,0.3,5,200,9839,9839,0,0,9839,288,23,23,23,-4.726808299999943,0.7362310000000116,-5.463039299999955,3.6178083000000005,0.0,0.13043478260869565,0.13476582531632486,107527.46136377718,0,
iron_trader,BTC_USDT,futures,2026-08-30,2026-09-06,20,,,,20,20,0.5,5,200,9839,9839,0,0,9839,288,22,22,22,-5.3673809999999715,0.5169237000000175,-5.884304699999989,3.4573810000000003,0.0,0.045454545454545456,0.08784788116088185,122085.93181834253,0,
iron_trader,BTC_USDT,futures,2026-08-30,2026-09-06,20,,,,60,20,0.15,5,200,9839,9839,0,0,9839,288,23,23,23,-5.0998787000000005,0.46023029999999415,-5.560108999999995,3.6168787,0.0,0.13043478260869565,0.08277361109287508,116006.33409106242,0,
iron_trader,BTC_USDT,futures,2026-08-30,2026-09-06,20,,,,60,20,0.3,5,200,9839,9839,0,0,9839,288,23,23,23,-4.972167600000018,0.46023029999999415,-5.432397900000013,3.6173676,0.0,0.13043478260869565,0.08471954898590787,113103.809091059,0,
iron_trader,BTC_USDT,futures,2026-08-30,2026-09-06,20,,,,60,20,0.5,5,200,9839,9839,0,0,9839,288,21,21,21,-6.129179000000007,0.0,-6.129179000000007,3.299579,0.0,0.0,0.0,139399.52272745717,0,
iron_trader,BTC_USDT,futures,2026-08-30,2026-09-06,20,,,,20,20,0.15,5,400,9839,9839,0,0,9839,505,27,27,27,-2.8835407999999485,2.8621072000000405,-5.745647999999988,4.255940800000001,0.0,0.2962962962962963,0.4981347969802617,229.03758298999168,0,
iron_trader,BTC_USDT,futures,2026-08-30,2026-09-06,20,,,,20,20,0.3,5,400,9839,9839,0,0,9839,505,26,26,26,-2.2433491999999426,2.863080900000052,-5.1064300999999945,4.0933492000000005,0.0,0.34615384615384615,0.5606815023278308,200.77401755327546,0,
iron_trader,BTC_USDT,futures,2026-08-30,2026-09-06,20,,,,20,20,0.5,5,400,9839,9839,0,0,9839,505,24,24,24,-3.0811451999999013,2.5687242000000463,-5.649869399999948,3.7743452,0.0,0.25,0.4546519606276333,315.3669348287336,0,
iron_trader,BTC_USDT,futures,2026-08-30,2026-09-06,20,,,,60,20,0.15,5,400,9839,9839,0,0,9839,505,28,28,28,-2.4080945999999077,3.1053993000000815,-5.513493899999989,4.403694600000001,0.0,0.32142857142857145,0.5632361903946402,215.02597177722555,0,
iron_trader,BTC_USDT,futures,2026-08-30,2026-09-06,20,,,,60,20,0.3,5,400,9839,9839,0,0,9839,505,28,28,28,-2.086907399999937,3.1101711000000813,-5.197078500000019,4.4025074,0.0,0.35714285714285715,0.598446050026004,199.91195222405784,0,
iron_trader,BTC_USDT,futures,2026-08-30,2026-09-06,20,,,,60,20,0.5,5,400,9839,9839,0,0,9839,505,25,25,25,-4.6598018999999535,2.046229800000035,-6.706031699999989,3.9276019,0.0,0.2,0.30513273595173107,486.4755256609608,0,
iron_trader,BTC_USDT,futures,2026-08-30,2026-09-06,20,,,,20,40,0.15,1.5,200,9839,9839,0,0,9839,515,26,26,26,-5.0003892999999655,0.1194655999999767,-5.119854899999942,4.1029893,0.0,0.15384615384615385,0.023333786275852867,1630.2932548090037,0,
iron_trader,BTC_USDT,futures,2026-08-30,2026-09-06,20,,,,20,40,0.3,1.5,200,9839,9839,0,0,9839,515,25,25,25,-3.7743394999999484,0.1194655999999767,-3.893805099999925,3.9417395000000006,0.0,0.16,0.030680939834399776,1255.0793211658836,0,
iron_trader,BTC_USDT,futures,2026-08-30,2026-09-06,20,,,,20,40,0.5,1.5,200,9839,9839,0,0,9839,515,23,23,23,-4.205938299999989,0.12974309999997674,-4.335681399999967,3.620138300000001,0.0,0.08695652173913043,0.02992450044875939,1155.8128799012136,0,
iron_trader,BTC_USDT,futures,2026-08-30,2026-09-06,20,,,,60,40,0.15,1.5,200,9839,9839,0,0,9839,515,24,24,24,-4.619890499999972,0.10731849999998834,-4.727208999999959,3.782890500000001,0.0,0.125,0.022702296429032282,1642.0195260348232,0,
iron_trader,BTC_USDT,futures,2026-08-30,2026-09-06,20,,,,60,40,0.3,1.5,200,9839,9839,0,0,9839,515,24,24,24,-4.352938199999955,0.10731849999998834,-4.460256699999943,3.783738200000001,0.0,0.125,0.024061059086574483,1552.9166221629819,0,
iron_trader,BTC_USDT,futures,2026-08-30,2026-09-06,20,,,,60,40,0.5,1.5,200,9839,9839,0,0,9839,515,22,22,22,-4.447194999999984,0.04596019999998255,-4.493155199999967,3.4619950000000004,0.0,0.045454545454545456,0.01022893667238178,1584.3775033378936,0,
iron_trader,BTC_USDT,futures,2026-08-30,2026-09-06,20,,,,20,40,0.15,1.5,400,9839,9839,0,0,9839,515,26,26,26,-4.497380499999995,0.1194655999999767,-4.616846099999971,4.103980500000001,0.0,0.15384615384615385,0.025876019562353934,1476.3550456880591,0,
iron_trader,BTC_USDT,futures,2026-08-30,2026-09-06,20,,,,20,40,0.3,1.5,400,9839,9839,0,0,9839,515,25,25,25,-3.7532991999999834,0.1194655999999767,-3.87276479999996,3.9420992000000004,0.0,0.16,0.030847625964783076,1248.640256677624,0,
iron_trader,BTC_USDT,futures,2026-08-30,2026-09-06,20,,,,20,40,0.5,1.5,400,9839,9839,0,0,9839,515,23,23,23,-4.140974200000017,0.12974309999997674,-4.270717299999995,3.618174200000001,0.0,0.08695652173913043,0.030379697574451227,1139.5050007506422,0,
iron_trader,BTC_USDT,futures,2026-08-30,2026-09-06,20,,,,60,40,0.15,1.5,400,9839,9839,0,0,9839,515,26,26,26,-3.7345583000000415,0.4095298999999825,-4.144088200000024,4.092358300000001,0.0,0.19230769230769232,0.09882267949798466,1346.5147863819532,0,
iron_trader,BTC_USDT,futures,2026-08-30,2026-09-06,20,,,,60,40,0.3,1.5,400,9839,9839,0,0,9839,515,26,26,26,-3.585158700000013,0.4095298999999825,-3.994688599999995,4.092958700000001,0.0,0.19230769230769232,0.10251860432875369,1296.6484312417529,0,
iron_trader,BTC_USDT,futures,2026-08-30,2026-09-06,20,,,,60,40,0.5,1.5,400,9839,9839,0,0,9839,515,25,25,25,-3.623295100000076,0.4446848999999651,-4.067980000000041,3.921495100000001,0.0,0.2,0.10931344303560012,1309.3775367157402,0,
iron_trader,BTC_USDT,futures,2026-08-30,2026-09-06,20,,,,20,40,0.15,2.5,200,9839,9839,0,0,9839,357,24,24,24,-6.119912799999978,0.1554439000000174,-6.275356699999996,3.7843128000000004,0.0,0.125,0.024770528183683565,3722.0903310114268,0,
iron_trader,BTC_USDT,futures,2026-08-30,2026-09-06,20,,,,20,40,0.3,2.5,200,9839,9839,0,0,9839,357,23,23,23,-4.302258600000002,0.3265582999999999,-4.628816900000001,3.6222586000000003,0.0,0.13043478260869565,0.07054897764480592,2646.3057703323516,0,
iron_trader,BTC_USDT,futures,2026-08-30,2026-09-06,20,,,,20,40,0.5,2.5,200,9839,9839,0,0,9839,357,21,21,21,-5.342232800000018,0.09408560000001161,-5.43631840000003,3.3014328,0.0,0.047619047619047616,0.017306859730660935,3261.817889119635,0,
iron_trader,BTC_USDT,futures,2026-08-30,2026-09-06,20,,,,60,40,0.15,2.5,200,9839,9839,0,0,9839,357,23,23,23,-4.917411800000007,0.3265582999999999,-5.243970100000008,3.6218118000000006,0.0,0.13043478260869565,0.06227310487525461,3010.3861960878894,0,
iron_trader,BTC_USDT,futures,2026-08-30,2026-09-06,20,,,,60,40,0.3,2.5,200,9839,9839,0,0,9839,357,23,23,23,-4.550640400000025,0.3265582999999999,-4.877198700000024,3.6222404000000004,0.0,0.13043478260869565,0.06695611970863485,2793.3113479574613,0,
iron_trader,BTC_USDT,futures,2026-08-30,2026-09-06,20,,,,60,40,0.5,2.5,200,9839,9839,0,0,9839,357,21,21,21,-5.25113620000003,0.09408560000001161,-5.345221800000042,3.3011361999999997,0.0,0.047619047619047616,0.017601814016400756,3207.902069592276,0,
iron_trader,BTC_USDT,futures,2026-08-30,2026-09-06,20,,,,20,40,0.15,2.5,400,9839,9839,0,0,9839,505,25,25,25,-5.2369607999999905,0.1554439000000174,-5.392404700000007,3.9461608000000004,0.0,0.12,0.028826452881034168,1156.6910411622132,0,
iron_trader,BTC_USDT,futures,2026-08-30,2026-09-06,20,,,,20,40,0.3,2.5,400,9839,9839,0,0,9839,505,24,24,24,-4.124975900000029,0.3265582999999999,-4.4515342000000295,3.7839759000000015,0.0,0.125,0.07335859623407986,932.3195924132325,0,
iron_trader,BTC_USDT,futures,2026-08-30,2026-09-06,20,,,,20,40,0.5,2.5,400,9839,9839,0,0,9839,505,23,23,23,-4.168343700000006,1.137531200000023,-5.30587490000003,3.6177437000000006,0.0,0.13043478260869565,0.2143908820767743,444.7245449605928,0,
iron_trader,BTC_USDT,futures,2026-08-30,2026-09-06,20,,,,60,40,0.15,2.5,400,9839,9839,0,0,9839,505,26,26,26,-3.90503530000003,0.6287696999999942,-4.533805000000025,4.092035300000001,0.0,0.19230769230769232,0.13868476919496775,887.9409402744116,0,
iron_trader,BTC_USDT,futures,2026-08-30,2026-09-06,20,,,,60,40,0.3,2.5,400,9839,9839,0,0,9839,505,26,26,26,-3.623594600000042,0.6287696999999942,-4.2523643000000355,4.092394600000001,0.0,0.19230769230769232,0.14786355439960516,831.1530669895076,0,
iron_trader,BTC_USDT,futures,2026-08-30,2026-09-06,20,,,,60,40,0.5,2.5,400,9839,9839,0,0,9839,505,25,25,25,-4.551849400000059,0.6129502000000058,-5.164799600000065,3.9218494000000006,0.0,0.2,0.11867840912936836,1018.4522598870066,0,
iron_trader,BTC_USDT,futures,2026-08-30,2026-09-06,20,,,,20,40,0.15,3.5,200,9839,9839,0,0,9839,357,23,23,23,-5.8046149999999495,0.2893760000000582,-6.093991000000007,3.623015000000001,0.0,0.17391304347826086,0.04748546560046739,5237.754957531581,0,
iron_trader,BTC_USDT,futures,2026-08-30,2026-09-06,20,,,,20,40,0.3,3.5,200,9839,9839,0,0,9839,357,23,23,23,-4.838307299999954,0.3828994000000058,-5.22120669999996,3.6221073000000006,0.0,0.17391304347826086,0.07333542263324085,4382.460992957537,0,
iron_trader,BTC_USDT,futures,2026-08-30,2026-09-06,20,,,,20,40,0.5,3.5,200,9839,9839,0,0,9839,357,21,21,21,-5.181136199999949,0.6089245000000175,-5.790060699999966,3.3015362,0.0,0.09523809523809523,0.10516720489649117,4685.904180931259,0,
iron_trader,BTC_USDT,futures,2026-08-30,2026-09-06,20,,,,60,40,0.15,3.5,200,9839,9839,0,0,9839,357,26,26,26,-4.813871899999972,0.7079218000000116,-5.521793699999984,4.0928719,0.0,0.23076923076923078,0.12820504322716977,4360.832840618549,0,
iron_trader,BTC_USDT,futures,2026-08-30,2026-09-06,20,,,,60,40,0.3,3.5,200,9839,9839,0,0,9839,357,24,24,24,-4.775001400000006,0.6316184999999942,-5.4066199,3.7794014000000002,0.0,0.20833333333333334,0.11682317449391888,4326.427956905063,0,
iron_trader,BTC_USDT,futures,2026-08-30,2026-09-06,20,,,,60,40,0.5,3.5,200,9839,9839,0,0,9839,357,21,21,21,-5.014201699999973,0.6089245000000175,-5.623126199999989,3.3012017,0.0,0.09523809523809523,0.1082893177819873,4538.147860321204,0,
iron_trader,BTC_USDT,futures,2026-08-30,2026-09-06,20,,,,20,40,0.15,3.5,400,9839,9839,0,0,9839,505,25,25,25,-5.496731999999966,0.5126286000000465,-6.0093606000000115,3.942332000000001,0.0,0.2,0.08530501564509967,965.7113400958027,0,
iron_trader,BTC_USDT,futures,2026-08-30,2026-09-06,20,,,,20,40,0.3,3.5,400,9839,9839,0,0,9839,505,25,25,25,-4.6992351999999995,0.6109237999999941,-5.310158999999993,3.9412352000000004,0.0,0.24,0.11504811814486061,840.8606065913458,0,
iron_trader,BTC_USDT,futures,2026-08-30,2026-09-06,20,,,,20,40,0.5,3.5,400,9839,9839,0,0,9839,505,23,23,23,-3.978246099999954,1.657141900000029,-5.635387999999982,3.6180461,0.0,0.21739130434782608,0.29405994760254917,422.6243456923296,0,
iron_trader,BTC_USDT,futures,2026-08-30,2026-09-06,20,,,,60,40,0.15,3.5,400,9839,9839,0,0,9839,505,27,27,27,-3.354538799999982,1.256979200000029,-4.611518000000013,4.2493388,0.0,0.3333333333333333,0.27257384661623907,628.3252448821169,0,
iron_trader,BTC_USDT,futures,2026-08-30,2026-09-06,20,,,,60,40,0.3,3.5,400,9839,9839,0,0,9839,505,27,27,27,-4.066044200000023,0.9131351999999884,-4.979179400000012,4.249644200000001,0.0,0.2962962962962963,0.18339070088536802,741.1357829785911,0,
iron_trader,BTC_USDT,futures,2026-08-30,2026-09-06,20,,,,60,40,0.5,3.5,400,9839,9839,0,0,9839,505,25,25,25,-4.9054128000000405,0.9159077000000116,-5.821320500000052,3.9222127999999996,0.0,0.2,0.15733675890204007,1090.7555690072604,0,
iron_trader,BTC_USDT,futures,2026-08-30,2026-09-06,20,,,,20,40,0.15,5,200,9839,9839,0,0,9839,357,22,22,22,-4.74083259999996,0.7275203000000174,-5.468352899999978,3.4580326,0.0,0.13636363636363635,0.13304194394623295,2351.5138534017046,0,
iron_trader,BTC_USDT,futures,2026-08-30,2026-09-06,20,,,,20,40,0.3,5,200,9839,9839,0,0,9839,357,23,23,23,-4.206186899999966,0.9316659000000174,-5.137852799999983,3.618786900000001,0.0,0.17391304347826086,0.18133370812025218,2097.600184268639,0,
iron_trader,BTC_USDT,futures,2026-08-30,2026-09-06,20,,,,20,40,0.5,5,200,9839,9839,0,0,9839,357,22,22,22,-4.220462399999936,1.2271975000000293,-5.447659899999966,3.4580624,0.0,0.13636363636363635,0.2252705790242223,4443.304068983241,0,
iron_trader,BTC_USDT,futures,2026-08-30,2026-09-06,20,,,,60,40,0.15,5,200,9839,9839,0,0,9839,357,23,23,23,-4.8107967000000125,0.6556652000000001,-5.466461900000013,3.6185967000000003,0.0,0.17391304347826086,0.11994324884986365,5050.820763658864,0,
iron_trader,BTC_USDT,futures,2026-08-30,2026-09-06,20,,,,60,40,0.3,5,200,9839,9839,0,0,9839,357,23,23,23,-4.584289600000024,0.6556652000000001,-5.239954800000024,3.6178896,0.0,0.17391304347826086,0.12512802591350541,4817.720900221256,0,
iron_trader,BTC_USDT,futures,2026-08-30,2026-09-06,20,,,,60,40,0.5,5,200,9839,9839,0,0,9839,357,21,21,21,-5.0217162999999605,0.7102738000000117,-5.7319900999999716,3.3019163000000002,0.0,0.09523809523809523,0.12391399629249451,5267.879434033016,0,
iron_trader,BTC_USDT,futures,2026-08-30,2026-09-06,20,,,,20,40,0.15,5,400,9839,9839,0,0,9839,505,24,24,24,-3.0374957999999253,2.423314700000029,-5.460810499999954,3.7742958000000004,0.0,0.25,0.4437646572793635,231.78532901646136,0,
iron_trader,BTC_USDT,futures,2026-08-30,2026-09-06,20,,,,20,40,0.3,5,400,9839,9839,0,0,9839,505,25,25,25,-2.4361324999999483,2.6284340000000403,-5.06456649999999,3.9355325000000008,0.0,0.32,0.5189849911142534,206.07630275041728,0,
iron_trader,BTC_USDT,futures,2026-08-30,2026-09-06,20,,,,20,40,0.5,5,400,9839,9839,0,0,9839,505,25,25,25,-2.77646369999989,3.2049024000000466,-5.981366099999936,3.9278636999999996,0.0,0.28,0.5358144521533436,241.6774596799685,0,
iron_trader,BTC_USDT,futures,2026-08-30,2026-09-06,20,,,,60,40,0.15,5,400,9839,9839,0,0,9839,505,27,27,27,-2.064657699999919,2.8707524000000695,-4.935410099999988,4.244057700000001,0.0,0.2962962962962963,0.5816644092048352,190.2458643713231,0,
iron_trader,BTC_USDT,futures,2026-08-30,2026-09-06,20,,,,60,40,0.3,5,400,9839,9839,0,0,9839,505,27,27,27,-1.1755665999999305,3.386855700000081,-4.562422300000012,4.2427666,0.0,0.37037037037037035,0.7423371790901672,151.5924064113206,0,
iron_trader,BTC_USDT,futures,2026-08-30,2026-09-06,20,,,,60,40,0.5,5,400,9839,9839,0,0,9839,505,24,24,24,-3.222276999999978,2.5610687000000407,-5.783345700000018,3.7686769999999994,0.0,0.25,0.44283513952832404,285.765500592745,0,
iron_trader,BTC_USDT,futures,2026-08-30,2026-09-06,20,,,,20,60,0.15,1.5,200,9839,9839,0,0,9839,515,24,24,24,-5.4560489999999415,0.07899139999999999,-5.535040399999942,3.784049,0.0,0.08333333333333333,0.01427115148066504,1921.1111481977189,0,
iron_trader,BTC_USDT,futures,2026-08-30,2026-09-06,20,,,,20,60,0.3,1.5,200,9839,9839,0,0,9839,515,23,23,23,-4.282423599999879,0.07899139999999999,-4.361414999999879,3.6220236,0.0,0.08695652173913043,0.018111415675876333,1529.3803738318463,0,
iron_trader,BTC_USDT,futures,2026-08-30,2026-09-06,20,,,,20,60,0.5,1.5,200,9839,9839,0,0,9839,515,22,22,22,-4.460507099999996,0.04596019999998255,-4.506467299999978,3.4631071000000007,0.0,0.045454545454545456,0.010198720403448344,1588.8207943926377,0,
iron_trader,BTC_USDT,futures,2026-08-30,2026-09-06,20,,,,60,60,0.15,1.5,200,9839,9839,0,0,9839,515,23,23,23,-5.039369599999948,0.07899139999999999,-5.118360999999948,3.621769600000001,0.0,0.08695652173913043,0.015432948164461396,1782.0325767691386,0,
iron_trader,BTC_USDT,futures,2026-08-30,2026-09-06,20,,,,60,60,0.3,1.5,200,9839,9839,0,0,9839,515,23,23,23,-4.734783799999908,0.07899139999999999,-4.813775199999908,3.6223838000000006,0.0,0.08695652173913043,0.016409449282135464,1680.3684245661802,0,
iron_trader,BTC_USDT,futures,2026-08-30,2026-09-06,20,,,,60,60,0.5,1.5,200,9839,9839,0,0,9839,515,22,22,22,-4.5522413999999785,0.04596019999998255,-4.59820159999996,3.4626414000000003,0.0,0.045454545454545456,0.009995255536421662,1619.4397196262792,0,
iron_trader,BTC_USDT,futures,2026-08-30,2026-09-06,20,,,,20,60,0.15,1.5,400,9839,9839,0,0,9839,540,23,23,23,-5.749952899999965,0.03303120000001744,-5.782984099999982,3.626552900000001,0.0,0.043478260869565216,0.005711791599084207,0.0,0,
iron_trader,BTC_USDT,futures,2026-08-30,2026-09-06,20,,,,20,60,0.3,1.5,400,9839,9839,0,0,9839,540,22,22,22,-4.226916899999953,0.202895,-4.4298118999999545,3.4627169,0.0,0.09090909090909091,0.04580217051654091,0.0,0,
iron_trader,BTC_USDT,futures,2026-08-30,2026-09-06,20,,,,20,60,0.5,1.5,400,9839,9839,0,0,9839,540,21,21,21,-4.362267900000048,0.0,-4.362267900000048,3.3044679,0.0,0.0,0.0,0.0,0,
iron_trader,BTC_USDT,futures,2026-08-30,2026-09-06,20,,,,60,60,0.15,1.5,400,9839,9839,0,0,9839,540,24,24,24,-4.7309793999999945,0.3352426000000117,-5.066222000000006,3.7725794000000006,0.0,0.125,0.06617211010492854,0.0,0,
iron_trader,BTC_USDT,futures,2026-08-30,2026-09-06,20,,,,60,60,0.3,1.5,400,9839,9839,0,0,9839,540,24,24,24,-4.594366799999948,0.3352426000000117,-4.92960939999996,3.7727668000000003,0.0,0.125,0.06800591543825245,0.0,0,
iron_trader,BTC_USDT,futures,2026-08-30,2026-09-06,20,,,,60,60,0.5,1.5,400,9839,9839,0,0,9839,540,24,24,24,-3.5266740000000523,0.6554035000000058,-4.182077500000059,3.7662740000000006,0.0,0.16666666666666666,0.15671720574283873,0.0,0,
iron_trader,BTC_USDT,futures,2026-08-30,2026-09-06,20,,,,20,60,0.15,2.5,200,9839,9839,0,0,9839,357,21,21,21,-5.604971600000019,0.04596019999998255,-5.650931800000002,3.3001716000000005,0.0,0.047619047619047616,0.008133207341129569,9504.314765104376,0,
iron_trader,BTC_USDT,futures,2026-08-30,2026-09-06,20,,,,20,60,0.3,2.5,200,9839,9839,0,0,9839,357,22,22,22,-4.9624879000000535,0.2501057999999825,-5.212593700000037,3.4610879000000008,0.0,0.09090909090909091,0.04798106554899546,8426.321979869113,0,
iron_trader,BTC_USDT,futures,2026-08-30,2026-09-06,20,,,,20,60,0.5,2.5,200,9839,9839,0,0,9839,357,21,21,21,-5.680124500000047,0.0,-5.680124500000047,3.3023245000000006,0.0,0.0,0.0,9630.41023490313,0,
iron_trader,BTC_USDT,futures,2026-08-30,2026-09-06,20,,,,60,60,0.15,2.5,200,9839,9839,0,0,9839,357,22,22,22,-4.945224900000042,0.2501057999999825,-5.195330700000025,3.4610249,0.0,0.09090909090909091,0.04814049661939351,8397.357214768412,0,
iron_trader,BTC_USDT,futures,2026-08-30,2026-09-06,20,,,,60,60,0.3,2.5,200,9839,9839,0,0,9839,357,22,22,22,-4.758290800000048,0.2501057999999825,-5.008396600000031,3.4614908000000004,0.0,0.09090909090909091,0.04993729929454487,8083.709395976353,0,
iron_trader,BTC_USDT,futures,2026-08-30,2026-09-06,20,,,,60,60,0.5,2.5,200,9839,9839,0,0,9839,357,21,21,21,-5.589027900000058,0.0,-5.589027900000058,3.3020279,0.0,0.0,0.0,9477.563590607786,0,
iron_trader,BTC_USDT,futures,2026-08-30,2026-09-06,20,,,,20,60,0.15,2.5,400,9839,9839,0,0,9839,530,21,21,21,-5.745511399999972,0.0,-5.745511399999972,3.3035114000000005,0.0,0.0,0.0,2339.092517536961,0,
iron_trader,BTC_USDT,futures,2026-08-30,2026-09-06,20,,,,20,60,0.3,2.5,400,9839,9839,0,0,9839,530,22,22,22,-5.260582900000047,0.20414559999999998,-5.464728500000048,3.4647829000000008,0.0,0.045454545454545456,0.037356951951043535,2150.1102494154043,0,
iron_trader,BTC_USDT,futures,2026-08-30,2026-09-06,20,,,,20,60,0.5,2.5,400,9839,9839,0,0,9839,540,21,21,21,-5.631185300000041,0.0,-5.631185300000041,3.3049853000000007,0.0,0.0,0.0,0.0,0,
iron_trader,BTC_USDT,futures,2026-08-30,2026-09-06,20,,,,60,60,0.15,2.5,400,9839,9839,0,0,9839,530,24,24,24,-4.261599600000018,0.5063569999999942,-4.767956600000013,3.772799600000001,0.0,0.125,0.10620000190437824,1760.7948558066723,0,
iron_trader,BTC_USDT,futures,2026-08-30,2026-09-06,20,,,,60,60,0.3,2.5,400,9839,9839,0,0,9839,530,24,24,24,-4.5306403000000515,0.5063569999999942,-5.036997300000047,3.7732403000000008,0.0,0.125,0.10052755041182758,1865.643141075584,0,
iron_trader,BTC_USDT,futures,2026-08-30,2026-09-06,20,,,,60,60,0.5,2.5,400,9839,9839,0,0,9839,540,24,24,24,-4.334955400000059,0.7755434000000176,-5.110498800000077,3.7669554,0.0,0.16666666666666666,0.15175493241481752,0.0,0,
iron_trader,BTC_USDT,futures,2026-08-30,2026-09-06,20,,,,20,60,0.15,3.5,200,9839,9839,0,0,9839,357,21,21,21,-5.815466799999984,0.07630330000001745,-5.891770100000001,3.3002668000000006,0.0,0.047619047619047616,0.012950827799614487,9857.494630876268,0,
iron_trader,BTC_USDT,futures,2026-08-30,2026-09-06,20,,,,20,60,0.3,3.5,200,9839,9839,0,0,9839,357,22,22,22,-5.51781059999999,0.20414559999999998,-5.72195619999999,3.4610106000000007,0.0,0.045454545454545456,0.03567758872394031,9358.071476513665,0,
iron_trader,BTC_USDT,futures,2026-08-30,2026-09-06,20,,,,20,60,0.5,3.5,200,9839,9839,0,0,9839,357,21,21,21,-5.455323799999989,0.5148389000000059,-5.970162699999995,3.3025238,0.0,0.047619047619047616,0.08623532152649814,9253.22785235255,0,
iron_trader,BTC_USDT,futures,2026-08-30,2026-09-06,20,,,,60,60,0.15,3.5,200,9839,9839,0,0,9839,357,24,24,24,-5.0360775000000135,0.5291680000000059,-5.565245500000019,3.7758775000000004,0.0,0.125,0.09508439474952256,8549.794463090571,0,
iron_trader,BTC_USDT,futures,2026-08-30,2026-09-06,20,,,,60,60,0.3,3.5,200,9839,9839,0,0,9839,357,23,23,23,-4.894255600000025,0.45286469999998835,-5.347120300000013,3.6178556,0.0,0.08695652173913043,0.08469319457802123,8311.838255036806,0,
iron_trader,BTC_USDT,futures,2026-08-30,2026-09-06,20,,,,60,60,0.5,3.5,200,9839,9839,0,0,9839,357,21,21,21,-5.288389300000012,0.5148389000000059,-5.803228200000018,3.3021892999999998,0.0,0.047619047619047616,0.08871594951237731,8973.136409399458,0,
iron_trader,BTC_USDT,futures,2026-08-30,2026-09-06,20,,,,20,60,0.15,3.5,400,9839,9839,0,0,9839,530,21,21,21,-5.654169699999954,0.07630330000001745,-5.7304729999999715,3.303969700000001,0.0,0.047619047619047616,0.013315358086499637,2303.4955962587005,0,
iron_trader,BTC_USDT,futures,2026-08-30,2026-09-06,20,,,,20,60,0.3,3.5,400,9839,9839,0,0,9839,530,24,24,24,-5.573514299999977,0.20891739999999998,-5.782431699999978,3.7829143000000003,0.0,0.08333333333333333,0.03612967879931911,2272.0632501947975,0,
iron_trader,BTC_USDT,futures,2026-08-30,2026-09-06,20,,,,20,60,0.5,3.5,400,9839,9839,0,0,9839,540,23,23,23,-4.638935499999966,1.479273400000023,-6.1182088999999875,3.6215355,0.0,0.13043478260869565,0.24178210064060185,558.9710397020851,0,
iron_trader,BTC_USDT,futures,2026-08-30,2026-09-06,20,,,,60,60,0.15,3.5,400,9839,9839,0,0,9839,530,24,24,24,-3.934992399999994,0.854972800000035,-4.789965200000029,3.772592400000001,0.0,0.20833333333333334,0.17849248675126697,1199.1380897194838,0,
iron_trader,BTC_USDT,futures,2026-08-30,2026-09-06,20,,,,60,60,0.3,3.5,400,9839,9839,0,0,9839,530,26,26,26,-5.2372910000000354,0.5111287999999942,-5.74841980000003,4.091691,0.0,0.15384615384615385,0.08891640099075428,2141.033125487107,0,
iron_trader,BTC_USDT,futures,2026-08-30,2026-09-06,20,,,,60,60,0.5,3.5,400,9839,9839,0,0,9839,540,26,26,26,-3.450748899999995,2.0812138000000404,-5.531962700000036,4.083348899999999,0.0,0.23076923076923078,0.3762161664611417,441.4131992962255,0,
iron_trader,BTC_USDT,futures,2026-08-30,2026-09-06,20,,,,20,60,0.15,5,200,9839,9839,0,0,9839,357,22,22,22,-5.447964999999955,0.5247198000000058,-5.972684799999961,3.4587650000000005,0.0,0.045454545454545456,0.08785325487124472,9240.880872486716,0,
iron_trader,BTC_USDT,futures,2026-08-30,2026-09-06,20,,,,20,60,0.3,5,200,9839,9839,0,0,9839,357,23,23,23,-5.010685499999973,0.7288654000000059,-5.739550899999979,3.6196855000000006,0.0,0.08695652173913043,0.126989970591603,8507.190436244848,0,
iron_trader,BTC_USDT,futures,2026-08-30,2026-09-06,20,,,,20,60,0.5,5,200,9839,9839,0,0,9839,357,22,22,22,-4.634692899999984,1.0317626000000235,-5.666455500000007,3.4584929,0.0,0.09090909090909091,0.1820825381934125,7876.330369130526,0,
iron_trader,BTC_USDT,futures,2026-08-30,2026-09-06,20,,,,60,60,0.15,5,200,9839,9839,0,0,9839,357,23,23,23,-5.353660000000007,0.45286469999998835,-5.806524699999995,3.6200599999999996,0.0,0.08695652173913043,0.07799238329253791,9082.651006714928,0,
iron_trader,BTC_USDT,futures,2026-08-30,2026-09-06,20,,,,60,60,0.3,5,200,9839,9839,0,0,9839,357,23,23,23,-5.11805120000003,0.45286469999998835,-5.570915900000019,3.6180511999999996,0.0,0.08695652173913043,0.08129088791306055,8687.334228191325,0,
iron_trader,BTC_USDT,futures,2026-08-30,2026-09-06,20,,,,60,60,0.5,5,200,9839,9839,0,0,9839,357,21,21,21,-5.435946800000006,0.5148389000000059,-5.950785700000012,3.3023468,0.0,0.047619047619047616,0.08651612172826267,9220.716107386123,0,
iron_trader,BTC_USDT,futures,2026-08-30,2026-09-06,20,,,,20,60,0.15,5,400,9839,9839,0,0,9839,530,23,23,23,-2.783551299999878,2.7318457000000294,-5.515396999999908,3.6181513000000005,0.0,0.21739130434782608,0.49531261303584767,230.86874133012864,0,
iron_trader,BTC_USDT,futures,2026-08-30,2026-09-06,20,,,,20,60,0.3,5,400,9839,9839,0,0,9839,530,26,26,26,-2.6226419999999306,2.9369650000000407,-5.559606999999971,4.097842000000001,0.0,0.2692307692307692,0.5282684549465557,223.52416048859047,0,
iron_trader,BTC_USDT,futures,2026-08-30,2026-09-06,20,,,,20,60,0.5,5,400,9839,9839,0,0,9839,540,26,26,26,-3.529665299999914,3.0094675000000404,-6.539132799999953,4.0886653,0.0,0.23076923076923078,0.46022425175400355,327.80035129757186,0,
iron_trader,BTC_USDT,futures,2026-08-30,2026-09-06,20,,,,60,60,0.15,5,400,9839,9839,0,0,9839,530,26,26,26,-1.9089791999998897,3.17928340000007,-5.0882625999999584,4.087379200000001,0.0,0.2692307692307692,0.6248269104664715,196.72692907249555,0,
iron_trader,BTC_USDT,futures,2026-08-30,2026-09-06,20,,,,60,60,0.3,5,400,9839,9839,0,0,9839,530,30,30,30,-3.167553399999931,3.1840552000000697,-6.3516086000000005,4.716753400000002,0.0,0.26666666666666666,0.501299025257959,259.5061681644493,0,
iron_trader,BTC_USDT,futures,2026-08-30,2026-09-06,20,,,,60,60,0.5,5,400,9839,9839,0,0,9839,540,25,25,25,-3.877152600000013,2.3656338000000345,-6.242786400000047,3.9299525999999996,0.0,0.2,0.37893877003384524,350.2267635161665,0,
